entities_processed,system_time_avg,average_wip,max_wip,final_wip,system_time_avg_detailed,system_time_std,system_time_min,system_time_max,UCP_queue_time,UCP_service_time,UCP_system_time,Parto_Cesarea_queue_time,Parto_Cesarea_service_time,Parto_Cesarea_system_time,Inducao_queue_time,Inducao_service_time,Inducao_system_time,Testes_Neonatais_queue_time,Testes_Neonatais_service_time,Testes_Neonatais_system_time,Aloj_Sozinha_Normal_queue_time,Aloj_Sozinha_Normal_service_time,Aloj_Sozinha_Normal_system_time,Aloj_Conjunto_Cesarea_queue_time,Aloj_Conjunto_Cesarea_service_time,Aloj_Conjunto_Cesarea_system_time,Triagem_queue_time,Triagem_service_time,Triagem_system_time,Aloj_Sozinha_Cesarea_queue_time,Aloj_Sozinha_Cesarea_service_time,Aloj_Sozinha_Cesarea_system_time,Trabalho_parto_queue_time,Trabalho_parto_service_time,Trabalho_parto_system_time,Aval_inicial_queue_time,Aval_inicial_service_time,Aval_inicial_system_time,Pos_Parto_queue_time,Pos_Parto_service_time,Pos_Parto_system_time,Aloj_Conjunto_Normal_queue_time,Aloj_Conjunto_Normal_service_time,Aloj_Conjunto_Normal_system_time,Recepcao_queue_time,Recepcao_service_time,Recepcao_system_time,Parto_Normal_queue_time,Parto_Normal_service_time,Parto_Normal_system_time,ProcEspecial_queue_time,ProcEspecial_service_time,ProcEspecial_system_time,Consulta_queue_time,Consulta_service_time,Consulta_system_time,Exames_e_Observacao_queue_time,Exames_e_Observacao_service_time,Exames_e_Observacao_system_time,recepcionista_utilization,recepcionista_avg_queue,recepcionista_avg_in_service,recepcionista_max_queue,enf_triagem_utilization,enf_triagem_avg_queue,enf_triagem_avg_in_service,enf_triagem_max_queue,med_consulta_utilization,med_consulta_avg_queue,med_consulta_avg_in_service,med_consulta_max_queue,consultorio_utilization,consultorio_avg_queue,consultorio_avg_in_service,consultorio_max_queue,tec_enf_bloco_utilization,tec_enf_bloco_avg_queue,tec_enf_bloco_avg_in_service,tec_enf_bloco_max_queue,sala_proc_esp_utilization,sala_proc_esp_avg_queue,sala_proc_esp_avg_in_service,sala_proc_esp_max_queue,leito_inducao_utilization,leito_inducao_avg_queue,leito_inducao_avg_in_service,leito_inducao_max_queue,sala_parto_normal_utilization,sala_parto_normal_avg_queue,sala_parto_normal_avg_in_service,sala_parto_normal_max_queue,med_obstetra_utilization,med_obstetra_avg_queue,med_obstetra_avg_in_service,med_obstetra_max_queue,med_pediatra_utilization,med_pediatra_avg_queue,med_pediatra_avg_in_service,med_pediatra_max_queue,enf_obstetra_utilization,enf_obstetra_avg_queue,enf_obstetra_avg_in_service,enf_obstetra_max_queue,enf_neonatal_utilization,enf_neonatal_avg_queue,enf_neonatal_avg_in_service,enf_neonatal_max_queue,sala_cesarea_utilization,sala_cesarea_avg_queue,sala_cesarea_avg_in_service,sala_cesarea_max_queue,med_anestesista_utilization,med_anestesista_avg_queue,med_anestesista_avg_in_service,med_anestesista_max_queue,leito_ucp_utilization,leito_ucp_avg_queue,leito_ucp_avg_in_service,leito_ucp_max_queue,tec_enf_neonatal_utilization,tec_enf_neonatal_avg_queue,tec_enf_neonatal_avg_in_service,tec_enf_neonatal_max_queue,alojamento_utilization,alojamento_avg_queue,alojamento_avg_in_service,alojamento_max_queue,Desvio_Saida_percentage,Desvio_Proc_Esp_percentage,Desvio_Parto_percentage,Desvio_Internacao_ext_percentage,Desvio_Exames_Observacao_percentage,Define_Parto_Trabalho_Parto_percentage,Define_Parto_Cesarea_risco_percentage,Define_Parto_Inducao_percentage,Inducao_funcionou_Sim_percentage,Inducao_funcionou_Nao_percentage,Precisa_UCP_Sim_percentage,Precisa_UCP_Nao_percentage,UCP_funcionou_Sim_percentage,UCP_funcionou_Nao_percentage,Decide_Aloj_Conjunto_Normal_percentage,Decide_Aloj_Conjunto_Cesarea_percentage,Decide_Aloj_Sozinha_Normal_percentage,Decide_Aloj_Sozinha_Cesarea_percentage,total_revenue,total_costs,net_profit,avg_revenue_per_entity,avg_cost_per_entity,avg_profit_per_entity,Consulta_total_cost,Exames_total_cost,Aloj_total_cost,ProcEspecial_total_cost,UCP_total_cost
1187,818.8278106055426,12.35021857650407,24,9,818.8278106055426,1628.307811863897,19.885871383783524,11920.111146801,0.0,10460.937283775806,10460.937283775806,15.392288191835501,88.86730476613093,104.25959295796643,177.8282247466414,830.1704878552816,1007.998712601923,0.0,14.971755784580655,14.971755784580655,0.0,1462.8727377801808,1462.8727377801808,0.0,2896.559665694986,2896.559665694986,0.08538216854020025,4.9902598217287695,5.07564199026897,0.0,2882.1999343211914,2882.1999343211914,0.0,476.41389220479573,476.41389220479573,9.526968546272157,89.57131805094716,99.09828659721931,0.0,177.4403463577,177.4403463577,0.0,1424.223422209011,1424.223422209011,0.6480813591388253,6.317635289618677,6.965716648757502,16.254376499910975,60.430114172049294,76.68449067196028,0.0,41.16325455805482,41.16325455805482,0.819702650407214,18.777733399088486,19.5974360494957,0,178.82565900244364,178.82565900244364,0.16803468767116897,0.004612806314821016,0.16803468767116897,3,0.1324357775311462,0.0,0.1324357775311462,1,0.26982615395985343,0.006180442003764046,0.5396523079197069,4,0.26982615395985343,0.006180442003764046,0.5396523079197069,4,0.19763474221488506,0.0,1.1858084532893103,1,0.011853293197345825,0.0,0.011853293197345825,0,0.39503673092578756,0.026578129136872203,0.7900734618515751,3,0.06896271190887744,0.0,0.2068881357266323,1,0.275377103781349,0.03996840495951815,0.275377103781349,3,0.23220534295279982,0.02138245984729239,0.6966160288583995,2,0.275377103781349,0.03996840495951815,0.275377103781349,3,0.32802328363058253,0.06195192144452677,0.6560465672611651,3,0.09995655113227465,0.0,0.09995655113227465,1,0.09995655113227465,0.0,0.09995655113227465,1,0.31832052181066567,0.0,5.093128348970651,0,0.3218183586879907,0.0,5.149093739007851,0,0.30692847621828767,0.0,7.673211905457191,0,70.94717668488161,1.0018214936247722,14.571948998178508,6.193078324225866,7.285974499089254,55.00000000000001,22.5,22.5,80.0,20.0,10.062893081761008,89.937106918239,94.44444444444444,5.555555555555555,66.0377358490566,23.89937106918239,6.918238993710692,3.1446540880503147,308957.5599999989,1465030.2000000128,-1156072.6400000139,260.2843807919115,1234.2293176074245,-973.944936815513,609605.7000000117,10495.169999999987,400197.0000000011,429.3299999999999,444303.0
871,89.78073462449781,91.15689091898764,179,179,89.78073462449782,310.7730490440391,20.47433448531592,3409.5159368155387,,,,15.953833317726321,91.52480750837555,107.47864082610187,,,,0.0,13.803009260942986,13.803009260942986,,,,0.0,2968.6262191571086,2968.6262191571086,0.10603463552707512,5.017083411283732,5.123118046810807,,,,0.0,474.2768687381707,474.2768687381707,21.330954265027305,85.59083183200958,106.92178609703689,0.0,184.50289880877972,184.50289880877972,0.0,1512.7404332569258,1512.7404332569258,0.732188996813501,6.302314960929089,7.03450395774259,52.38845179051691,60.93910177906135,113.32755356957827,,,,0.6415818435304063,18.93052655100031,19.572108394530716,0,180.411238911292,180.411238911292,0.16890156171137302,0.006041268532262382,0.16890156171137302,3,0.1342539328131365,0.0,0.1342539328131365,1,0.2746566566796842,0.0036362542055890855,0.5493133133593684,3,0.2746566566796842,0.0036362542055890855,0.5493133133593684,3,0.9983662303963597,81.5826483813081,5.990197382378159,168,0.8550307080719126,1.7673221299682158,0.8550307080719126,4,0.9786283207011707,11.716194082074027,1.9572566414023413,26,1.0,47.24289572759825,3.0,98,1.0,68.36242776390868,1.0,138,0.9999999999999996,68.36242776390868,2.9999999999999987,138,1.0,68.36242776390868,1.0,138,1.0,69.36242776390871,2.0,139,1.0,17.11953203631045,1.0,36,1.0,17.11953203631045,1.0,36,0.0,0.0,0.0,0,0.0,0.0,0.0,0,0.0032396168330846293,0.0,0.08099042082711573,0,71.86654643823263,0.5410279531109108,14.337240757439135,5.410279531109107,7.8449053201082055,61.0062893081761,22.0125786163522,16.9811320754717,100.0,0.0,0.0,0.0,0.0,0.0,0.0,0.0,0.0,0.0,22590.61999999998,545783.0900000081,-523192.4700000081,25.93641791044774,626.6166360505259,-600.6802181400782,515453.5000000081,11272.589999999986,19057.0,,
939,209.29899665057695,72.94003638577975,143,141,209.29899665057695,821.3438830641,20.641537023417186,11464.006336204915,0.0,10657.397289067441,10657.397289067441,28.735240640703296,91.48210466451842,120.21734530522171,51.40737841212914,746.2579305609679,797.665308973097,0.0,14.296828976636487,14.296828976636487,0.0,1598.1294024630938,1598.1294024630938,0.0,2977.589444561178,2977.589444561178,0.09525135136196379,5.074379519267357,5.16963087062932,,,,0.0,497.4817438507567,497.4817438507567,83.19015143021079,88.89908110279323,172.089232533004,0.0,182.22119489416076,182.22119489416076,0.0,1459.8984076701975,1459.8984076701975,0.7518416420821586,6.40915992993809,7.161001572020249,153.1425544856652,59.797100552305864,212.93965503797105,0.0,43.99789301604936,43.99789301604936,0.8004662134482536,18.86819540456843,19.66866161801668,0,176.13835918330804,176.13835918330804,0.17309046475765152,0.004224055878620775,0.17309046475765152,2,0.13629974810412107,0.0,0.13629974810412107,1,0.2764314174366417,0.005072760881364109,0.5528628348732834,3,0.2764314174366417,0.005072760881364109,0.5528628348732834,3,0.9447816968976567,62.96143106293718,5.66869018138594,132,0.7252832257253953,1.5898646108070411,0.7252832257253953,3,0.8643482540661204,5.694530592716279,1.7286965081322407,14,0.9424467496205947,36.779691297956475,2.827340248861784,78,0.9557142694834272,56.22823141859571,0.9557142694834272,115,0.9554790637684891,55.287785247145,2.8664371913054674,114,0.9557142694834272,56.22823141859571,0.9557142694834272,115,0.9607617009196879,56.232699036611116,1.9215234018393759,115,0.9038404463151231,15.74023823825684,0.9038404463151231,33,0.9038404463151231,15.74023823825684,0.9038404463151231,33,0.04470477438122454,0.0,0.7152763900995927,0,0.04496127095341937,0.0,0.7193803352547099,0,0.036036260170331166,0.0,0.9009065042582792,0,72.56478999106345,0.6255585344057194,13.047363717605004,6.523681858802502,7.238605898123325,60.273972602739725,26.027397260273972,13.698630136986301,100.0,0.0,8.333333333333332,91.66666666666666,100.0,0.0,61.53846153846154,30.76923076923077,7.6923076923076925,0.0,67265.70000000003,689792.4000000091,-622526.700000009,71.63546325878598,734.6031948881886,-662.9677316294026,544056.7000000092,10624.739999999987,60982.399999999994,78.06,74050.5
1277,792.7001905427084,13.828255443308038,25,18,792.7001905427085,1591.8047486409603,20.059466284124028,11601.724605636377,0.0,10572.812241480904,10572.812241480904,18.132801938571195,90.52653160476159,108.65933354333278,88.99044190231497,855.5160346342957,944.5064765366106,0.0,14.947429876196917,14.947429876196917,0.0,1467.6715016875828,1467.6715016875828,0.0,2865.1792875845485,2865.1792875845485,0.06251870388263407,4.985955840768748,5.0484745446513815,0.0,2928.8703190338815,2928.8703190338815,0.0,471.22013914292864,471.22013914292864,11.400012635832002,91.43984590100287,102.83985853683487,0.0,180.74006182897935,180.74006182897935,0.0,1444.0281409331249,1444.0281409331249,0.7509114248544109,6.387327678067753,7.138239102922164,17.232688956467275,60.169017342399606,77.40170629886688,0.0,44.01392962145136,44.01392962145136,0.7800250483328829,18.991907564531978,19.771932612864862,0,185.22456004049891,185.22456004049891,0.18656734740070252,0.005030931313290739,0.18656734740070252,2,0.14582286773941755,0.0,0.14582286773941755,1,0.299500934674047,0.004849775057623661,0.599001869348094,3,0.299500934674047,0.004849775057623661,0.599001869348094,3,0.23177617567984246,0.0019536454788826227,1.3906570540790548,1,0.016130759547128816,0.0,0.016130759547128816,0,0.4392148439849103,0.0304310735786097,0.8784296879698206,2,0.095242287554071,0.0,0.28572686266221303,0,0.3346065553856711,0.09083609277538603,0.3346065553856711,4,0.2889408655934091,0.0733994319103484,0.8668225967802272,4,0.3346065553856711,0.09083609277538603,0.3346065553856711,4,0.3876264890665629,0.16496905055744987,0.7752529781331258,5,0.11379704307444219,0.005763083510650633,0.11379704307444219,1,0.11379704307444219,0.005763083510650633,0.11379704307444219,1,0.35492416595536164,0.0,5.678786655285786,0,0.358778877726212,0.0,5.740462043619392,0,0.33721666845217163,0.0,8.430416711304291,0,70.97581317764804,1.1676396997497915,15.42952460383653,5.421184320266889,7.005838198498749,58.37837837837838,20.54054054054054,21.08108108108108,75.0,25.0,11.299435028248588,88.70056497175142,100.0,0.0,65.36312849162012,23.463687150837988,8.938547486033519,2.2346368715083798,314261.81999999785,1533327.2300000149,-1219065.410000017,246.09382928739063,1200.7261002349373,-954.6322709475465,658469.5000000136,10754.309999999987,419254.0000000013,546.4199999999998,444303.0
1223,821.2154456446154,13.69000780162253,26,17,821.2154456446154,1550.8862870173768,18.801319977745152,11640.64460956617,0.0,10673.716174088506,10673.716174088506,20.4630534389967,89.37767331675902,109.84072675575572,39.975783786848325,888.1001755783466,928.0759593651949,0.0,14.774320552816256,14.774320552816256,0.0,1424.6704220416673,1424.6704220416673,0.0,2914.502407744116,2914.502407744116,0.07632025852916333,4.999062892175592,5.075383150704756,0.0,2840.095841785889,2840.095841785889,0.0,483.3586916928863,483.3586916928863,12.175151389753774,90.0268784927234,102.20202988247718,0.0,179.7954309488781,179.7954309488781,0.0,1440.3588267511575,1440.3588267511575,0.6654524328122275,6.357812683007972,7.023265115820199,17.51479359885612,60.30078954351684,77.81558314237296,0.0,41.7163709933639,41.7163709933639,0.7626640204591039,18.78605985568375,19.548723876142855,0,180.1550636331989,180.1550636331989,0.1746976379977694,0.002555205256021604,0.1746976379977694,2,0.13708021807839868,0.0,0.13708021807839868,1,0.27610306913777094,0.007262259075376382,0.5522061382755419,4,0.27610306913777094,0.007262259075376382,0.5522061382755419,4,0.18837342401268017,0.0,1.130240544076081,0,0.012012567563534284,0.0,0.012012567563534284,0,0.3767335357700284,0.0,0.7534670715400568,1,0.07717026555399349,0.0,0.23151079666198046,0,0.3019523047323792,0.04700182572737122,0.3019523047323792,2,0.2712534428091609,0.010267997467676293,0.8137603284274828,1,0.3019523047323792,0.04700182572737122,0.3019523047323792,2,0.36842099492009445,0.08718633605497018,0.7368419898401889,2,0.10549885225165026,0.004103173912370429,0.10549885225165026,1,0.10549885225165026,0.004103173912370429,0.10549885225165026,1,0.27411332948108386,0.0,4.385813271697342,0,0.2781541932564124,0.0,4.450467092102598,0,0.34536914427735277,0.0,8.634228606933819,0,70.93023255813954,0.9838998211091234,16.457960644007155,5.18783542039356,6.440071556350627,61.95652173913043,20.652173913043477,17.391304347826086,78.125,21.875,9.239130434782608,90.76086956521739,100.0,0.0,67.3913043478261,23.369565217391305,8.152173913043478,1.0869565217391304,276435.3399999992,1428281.8000000136,-1151846.4600000144,226.03053147996664,1167.8510220768712,-941.8204905969046,621523.7000000122,9199.46999999999,426876.8000000013,429.3299999999999,370252.5
1032,464.17339300661564,39.095394239028224,98,96,464.1733930066156,1418.0944038955145,20.42295353182999,11720.818115081353,0.0,10414.565908883296,10414.565908883296,42.7677387925676,89.32467777383319,132.09241656640077,98.77090068226023,832.46932740218,931.2402280844402,0.0,14.812946592012983,14.812946592012983,0.0,1450.835790530137,1450.835790530137,0.0,2884.9326367964954,2884.9326367964954,0.07216666431704634,4.892709023413754,4.9648756877308005,0.0,2898.511610654512,2898.511610654512,0.0,474.6875028119767,474.6875028119767,15.467303699607413,88.66860674778844,104.13591044739586,0.0,176.59758449848266,176.59758449848266,0.0,1431.2053744684822,1431.2053744684822,0.598733928138844,6.314665561913798,6.913399490052642,2.7947101068541977,60.39660245864183,63.19131256549603,82.38204844554093,39.114202338343006,121.49625078388394,0.8412752191213484,18.82672346282716,19.66799868194851,0,180.02494986256661,180.02494986256661,0.1732356867417383,0.002435668337918396,0.1732356867417383,2,0.13490831457994176,0.0,0.13490831457994176,1,0.2822794692639303,0.0046410591931734324,0.5645589385278607,2,0.2822794692639303,0.0046410591931734324,0.5645589385278607,2,0.6880381399865035,28.502124905710424,4.1282288399190215,87,0.16955308096682972,0.0,0.16955308096682972,0,0.7416453027297686,3.6589713368372956,1.4832906054595372,12,0.6400309684091439,18.88111104943006,1.9200929052274316,55,0.7135515544216859,25.41600937227942,0.7135515544216859,75,0.6952553802440492,24.790958877595646,2.0857661407321477,74,0.7135515544216859,25.41600937227942,0.7135515544216859,75,0.7296426492296759,25.417439719868433,1.4592852984593518,75,0.6298373802035807,4.088174358027654,0.6298373802035807,16,0.6298373802035807,4.088174358027654,0.6298373802035807,16,0.22187078158187246,0.0,3.5499325053099593,0,0.2230054256222445,0.0,3.568086809955912,0,0.1166586369170165,0.0,2.9164659229254126,0,72.79860505666957,0.6974716652136007,12.903225806451612,4.969485614646905,8.63121185701831,60.810810810810814,18.243243243243242,20.945945945945947,75.0,25.0,16.071428571428573,83.92857142857143,100.0,0.0,64.91228070175438,17.543859649122805,10.526315789473683,7.017543859649122,219901.78000000046,1090655.4100000104,-870753.6300000099,213.0831201550392,1056.8366375969092,-843.75351744187,573851.7000000103,12827.429999999982,158173.1,234.18,345569.0
1149,642.5757482523034,20.10991884087566,69,68,642.5757482523034,1412.720646964463,21.134450832345465,11377.130797333644,0.0,10141.192218871609,10141.192218871609,16.327393201936957,89.45899354606831,105.78638674800527,56.050451356714376,824.1685342408675,880.2189855975819,0.0,14.743901499266814,14.743901499266814,0.0,1407.2510324276002,1407.2510324276002,0.0,2843.880340662298,2843.880340662298,0.09652609299217478,4.995141288502466,5.091667381494641,0.0,2899.6389708243205,2899.6389708243205,0.0,477.4473048635512,477.4473048635512,9.11370213615939,90.11275638931855,99.22645852547794,0.0,178.80795098317822,178.80795098317822,0.0,1446.1678427822767,1446.1678427822767,0.7781504929830184,6.288118901415163,7.066269394398181,22.07635173071292,59.539818562020294,81.61617029273322,0.0,41.78887032858711,41.78887032858711,0.6025617174244178,18.97277418120001,19.575335898624427,0,177.82250716907546,177.82250716907546,0.17761906416756007,0.005570930996316376,0.17761906416756007,3,0.1412864429453004,0.0,0.1412864429453004,1,0.2871922371017256,0.0036711310887788183,0.5743844742034512,2,0.2871922371017256,0.0036711310887788183,0.5743844742034512,2,0.43677543808074365,8.016410042580574,2.620652628484462,58,0.2476533250925007,0.35474844516384574,0.2476533250925007,5,0.5550519582061927,0.6152789609300254,1.1101039164123854,6,0.33824240131255,3.1531315797447066,1.01472720393765,26,0.4781895592544012,7.322738304792987,0.4781895592544012,47,0.4589265373995955,7.298961271599119,1.3767796121987865,47,0.4781895592544012,7.322738304792987,0.4781895592544012,47,0.5270817088044455,7.621577466189015,1.054163417608891,48,0.34010613010063434,3.0014616589372354,0.34010613010063434,17,0.34010613010063434,3.0014616589372354,0.34010613010063434,17,0.21252851118023247,0.0,3.4004561788837195,0,0.2150867916103896,0.0,3.4413886657662336,0,0.22798016199325288,0.0,5.699504049831322,0,70.50173010380622,1.124567474048443,15.397923875432525,6.055363321799308,6.920415224913495,58.98876404494382,19.101123595505616,21.910112359550563,70.0,30.0,10.16949152542373,89.83050847457628,100.0,0.0,71.66666666666667,18.333333333333332,8.333333333333332,1.6666666666666667,230758.2400000001,1240870.2100000123,-1010111.9700000122,200.83397737162758,1079.9566666666774,-879.1226892950498,608413.9000000117,10236.029999999988,301100.60000000056,234.18,320885.5
909,221.72769946889898,92.57824171523065,188,188,221.727699468899,931.792674172449,20.89926126786304,11033.67551394533,0.0,10119.62764582808,10119.62764582808,12.233248530876608,86.67873522016959,98.9119837510462,17.91715174341116,751.6098339921277,769.5269857355389,0.0,14.74034371281269,14.74034371281269,0.0,1424.5190191936485,1424.5190191936485,0.0,2887.79403237821,2887.79403237821,0.12569140053371666,5.116591795026315,5.242283195560031,,,,0.0,501.62357170247674,501.62357170247674,3.15648970322289,84.63913694158295,87.79562664480584,0.0,184.88952818992777,184.88952818992777,0.0,1419.894198650373,1419.894198650373,0.60771046660709,6.25394745746181,6.861657924068901,12.501202648199726,58.55863032715307,71.05983297535279,,,,0.7596239686049896,18.94943636209378,19.709060330698772,0,178.67062199765957,178.67062199765957,0.17284797205425095,0.0032987252941960193,0.17284797205425095,2,0.1408349315223238,0.0,0.1408349315223238,1,0.2842968447321962,0.0045555051864297905,0.5685936894643924,3,0.2842968447321962,0.0045555051864297905,0.5685936894643924,3,0.9575753623502798,82.16253069353807,5.745452174101679,177,0.7662340473804179,5.042538995075667,0.7662340473804179,12,0.821458890460443,8.44877420697568,1.642917780920886,22,0.9523098671399705,50.83901835436221,2.8569296014199113,106,0.961888837876419,69.21506755349287,0.961888837876419,143,0.9632774693980825,69.20429180958442,2.8898324081942475,143,0.961888837876419,69.21506755349287,0.961888837876419,143,0.9656379340058423,70.16284834976697,1.9312758680116846,144,0.9567433176789253,14.568316859650823,0.9567433176789253,33,0.9567433176789253,14.568316859650823,0.9567433176789253,33,0.05850830867766866,0.0,0.9361329388426985,0,0.058637558930644186,0.0,0.938200942890307,0,0.03547772764833308,0.0,0.886943191208327,0,70.1048951048951,1.2237762237762237,15.55944055944056,5.5069930069930075,7.604895104895106,64.04494382022472,21.34831460674157,14.606741573033707,50.0,50.0,0.0,100.0,100.0,0.0,37.5,62.5,0.0,0.0,91345.11999999972,725545.5900000085,-634200.4700000087,100.4896809680965,798.179966996709,-697.6902860286125,527967.4000000085,11272.589999999986,62888.10000000001,,123417.5
1084,516.2271801821234,26.049894661581117,94,94,516.2271801821234,1423.689662750798,20.056885441649683,11845.021641240362,0.0,10442.299855662823,10442.299855662823,15.856646446348446,90.10731849192848,105.96396493827693,14.303578215342842,842.8863292540507,857.1899074693936,0.0,14.757060831795071,14.757060831795071,0.0,1450.5044396873582,1450.5044396873582,0.0,2886.6502599032647,2886.6502599032647,0.09340533543522637,4.967039858177752,5.060445193612978,0.0,2906.051614627951,2906.051614627951,0.0,486.18923069063175,486.18923069063175,9.515074587274995,89.86009505141948,99.37516963869447,0.0,182.92255644491814,182.92255644491814,0.0,1445.4666097310915,1445.4666097310915,0.6676442804860345,6.339305787968703,7.006950068454737,9.774998845118242,60.85176266513188,70.62676151025012,1.3587388317690057,38.84514217777912,40.20388100954812,0.6338386359302804,18.95666541406445,19.590504049994728,0,180.87427939163663,180.87427939163663,0.17968585141420046,0.003533103038696612,0.17968585141420046,3,0.14098988024132175,0.0,0.14098988024132175,1,0.28880595923062913,0.00478050997978977,0.5776119184612583,3,0.28880595923062913,0.00478050997978977,0.5776119184612583,3,0.5320041580779581,15.457717106354536,3.1920249484677483,85,0.1862151421420971,0.0,0.1862151421420971,1,0.521574812254286,1.5632384619484057,1.043149624508572,10,0.48641312965004957,8.709825028555576,1.4592393889501487,48,0.5840521231484274,14.675807364253942,0.5840521231484274,75,0.5593379446033827,14.248390386051794,1.678013833810148,74,0.5840521231484274,14.675807364253942,0.5840521231484274,75,0.60406331468376,14.718277590494418,1.20812662936752,75,0.42813642000255847,4.22946208088377,0.42813642000255847,23,0.42813642000255847,4.22946208088377,0.42813642000255847,23,0.2304016312278327,0.0,3.686426099645323,0,0.2320480834199236,0.0,3.712769334718778,0,0.15005236538129552,0.0,3.751309134532388,0,70.66895368782161,0.6003430531732418,14.57975986277873,7.032590051457976,7.1183533447684395,61.1764705882353,20.588235294117645,18.235294117647058,72.22222222222221,27.77777777777778,15.0,85.0,100.0,0.0,70.37037037037037,14.814814814814813,11.11111111111111,3.7037037037037033,226558.50000000055,1150858.8300000113,-924300.3300000107,209.00230627306325,1061.677887453885,-852.6755811808216,594112.3000000111,10883.879999999986,200098.50000000012,195.15,345569.0
1185,657.424969508357,23.000148400109726,61,59,657.424969508357,1438.0641914093069,20.758785408011136,11770.27987719571,0.0,10599.98659359003,10599.98659359003,16.380770858106644,91.33656733729062,107.71733819539725,33.159841052131355,796.9191359172288,830.0789769693602,0.0,14.865413749233747,14.865413749233747,0.0,1432.4525101475087,1432.4525101475087,0.0,2850.18373853251,2850.18373853251,0.07873235095497715,4.934648982020386,5.013381332975363,0.0,2916.52617930256,2916.52617930256,0.0,476.13347248551923,476.13347248551923,9.187658489614364,89.99140605965214,99.1790645492665,0.0,180.6751402228541,180.6751402228541,0.0,1446.389609074832,1446.389609074832,0.6962567173676957,6.364130738953057,7.060387456320753,16.313836175165044,60.45649891012795,76.770335085293,2.682638111605411,45.68281756473024,48.36545567633566,0.8143982436269958,18.961546752971604,19.7759449965986,0,179.22564873948602,179.22564873948602,0.18282166930004923,0.004024993078284789,0.18282166930004923,3,0.14289386232657994,0.0,0.14289386232657994,1,0.2928915722890277,0.0043420962724176875,0.5857831445780554,3,0.2928915722890277,0.0043420962724176875,0.5857831445780554,3,0.4799926110480726,9.968323091481157,2.879955666288436,52,0.30077603251138496,0.38712266917782767,0.30077603251138496,4,0.539267693347755,0.9216774047358421,1.07853538669551,6,0.3917535959201858,5.872678706728311,1.1752607877605574,29,0.5635279436375978,8.95565185122859,0.5635279436375978,42,0.5379877510468991,8.58117713361982,1.6139632531406973,41,0.5635279436375978,8.95565185122859,0.5635279436375978,42,0.6088981609571372,8.977344064846246,1.2177963219142744,42,0.4164182694219494,1.70366957038246,0.4164182694219494,9,0.4164182694219494,1.70366957038246,0.4164182694219494,9,0.22545783003381933,0.0,3.6073252805411093,0,0.22827965608880585,0.0,3.6524744974208936,0,0.24546637518913997,0.0,6.136659379728499,0,70.88285229202037,1.3582342954159592,15.195246179966043,5.68760611205433,6.8760611205432935,59.217877094972074,20.11173184357542,20.670391061452513,89.28571428571429,10.714285714285714,10.077519379844961,89.92248062015504,100.0,0.0,70.0,20.0,8.461538461538462,1.5384615384615385,234912.48,1275121.970000013,-1040209.490000013,198.23837974683545,1076.0522953586608,-877.8139156118253,625099.1000000123,10495.169999999987,318251.9000000006,390.29999999999995,320885.5
1217,814.1778174474634,13.619514881039732,27,18,814.1778174474636,1480.7110201705125,20.48004017439871,11468.98646448616,0.0,10304.644860399343,10304.644860399343,24.899533960590258,88.88240872092231,113.78194268151258,41.94471766072349,859.886142555813,901.8308602165365,0.0,14.840958050890027,14.840958050890027,0.0,1439.230298513412,1439.230298513412,0.0,2884.1034617874257,2884.1034617874257,0.10248077999269979,5.0231443243622795,5.125625104354979,0.0,2823.9038201917074,2823.9038201917074,0.0,482.7762286666612,482.7762286666612,13.46821816661091,88.83787052327322,102.30608868988413,0.0,183.6481361398217,183.6481361398217,0.0,1438.0244671941207,1438.0244671941207,0.7397354223268793,6.307666832404997,7.0474022547318755,20.691903299952383,60.715643523779235,81.40754682373162,0.0,42.06545535584651,42.06545535584651,0.6428209341776555,18.86634601790072,19.509166952078377,0,179.74762626733792,179.74762626733792,0.17141997768991474,0.005381656826114889,0.17141997768991474,3,0.13663961657401347,0.0,0.13663961657401347,1,0.2749604298814666,0.004596785201869,0.5499208597629331,3,0.2749604298814666,0.004596785201869,0.5499208597629331,3,0.18592346680969743,0.0,1.1155408008581846,0,0.005505949653906486,0.0,0.005505949653906486,0,0.3592775058068778,0.0,0.7185550116137556,1,0.08002565498515536,0.0,0.2400769649554661,1,0.3096057462057207,0.05269799711207465,0.3096057462057207,3,0.2696887030415285,0.02742144833077754,0.8090661091245854,2,0.3096057462057207,0.05269799711207465,0.3096057462057207,3,0.3657829211918176,0.10492171507172778,0.7315658423836352,3,0.10729977035619206,0.009159663832704572,0.10729977035619206,1,0.10729977035619206,0.009159663832704572,0.10729977035619206,1,0.23087281501488935,0.0,3.6939650402382296,0,0.2348988247790072,0.0,3.758381196464115,0,0.344155082306544,0.0,8.6038770576636,0,71.58273381294964,0.44964028776978415,16.276978417266186,4.856115107913669,6.83453237410072,59.66850828729282,22.099447513812155,18.23204419889503,81.81818181818183,18.181818181818183,7.777777777777778,92.22222222222223,100.0,0.0,69.06077348066299,22.65193370165746,4.972375690607735,3.314917127071823,252490.0800000001,1387187.2700000133,-1134697.1900000132,207.46925225965498,1139.841635168458,-932.3723829088029,617948.300000012,9847.319999999989,438311.00000000134,195.15,320885.5
825,49.044634417428405,106.43270258252153,198,195,49.0446344174284,56.56823382933568,20.991921345310402,308.3162831891859,,,,,,,,,,,,,,,,,,,0.08011010955810365,4.920654701269187,5.000764810827291,,,,,,,,,,,,,,,,0.7927477642415683,6.292609617301541,7.085357381543109,,,,,,,0.8687212537434926,18.916323202982692,19.785044456726183,0,177.54893980893857,177.54893980893857,0.16538030450075286,0.006009390600264237,0.16538030450075286,4,0.12996790455151583,0.0,0.12996790455151583,1,0.2641707385954509,0.008026512711703118,0.5283414771909019,4,0.2641707385954509,0.008026512711703118,0.5283414771909019,4,1.0000000000000004,97.07535742721443,6.000000000000003,184,0.9027340110472324,4.684791140236679,0.9027340110472324,9,1.0,21.08140291243904,2.0,38,0.9999999999999999,49.27793753622652,2.9999999999999996,97,1.0,71.40642936349147,1.0,137,1.0000000000000007,71.40642936349147,3.0000000000000018,137,1.0,71.40642936349147,1.0,137,1.0,72.40642936349147,2.0,138,1.0,18.12849182726495,1.0,36,1.0,18.12849182726495,1.0,36,0.0,0.0,0.0,0,0.0,0.0,0.0,0,0.0,0.0,0.0,0,72.36227824463118,0.9337068160597572,15.31279178338002,4.6685340802987865,6.722689075630252,56.70731707317073,20.73170731707317,22.5609756097561,0.0,0.0,0.0,0.0,0.0,0.0,0.0,0.0,0.0,0.0,18390.72,500946.54000000714,-482555.82000000717,22.29178181818182,607.2079272727359,-584.9161454545541,491617.50000000716,9329.03999999999,,,
1212,711.7177498333097,11.514080951205878,24,11,711.7177498333097,1493.67869204641,20.246504164359067,11693.382470846973,0.0,10465.454750780355,10465.454750780355,16.321934030764012,90.21103708625472,106.53297111701873,37.005782791819925,869.5792996809805,906.5850824728004,0.0,14.92476972607032,14.92476972607032,0.0,1412.970113573954,1412.970113573954,0.0,2869.94149553049,2869.94149553049,0.09730632688498726,4.878070432728833,4.9753767596138205,0.0,2889.844662728882,2889.844662728882,0.0,486.5774001522897,486.5774001522897,8.681029147950442,89.4545412497083,98.13557039765874,0.0,176.68192062639218,176.68192062639218,0.0,1446.715051979639,1446.715051979639,0.7598931262624123,6.3214575716306,7.081350697893012,16.99752994459817,60.22797429347051,77.22550423806868,0.0,41.24527425798745,41.24527425798745,0.9701946955879053,19.019938067227017,19.990132762814923,0,180.23325807779239,180.23325807779239,0.1760010160586273,0.004180348858867237,0.1760010160586273,3,0.1357014796938273,0.0,0.1357014796938273,1,0.2856543586531669,0.008341883451566471,0.5713087173063338,4,0.2856543586531669,0.008341883451566471,0.5713087173063338,4,0.15836143666032,0.0,0.9501686199619199,0,0.014036349878372519,0.0,0.014036349878372519,0,0.3075809946651249,0.0,0.6151619893302498,1,0.06734101012834033,0.0,0.20202303038502098,0,0.2640066594714938,0.039916985664794756,0.2640066594714938,3,0.22218509930018618,0.021382093851515734,0.6665552979005586,2,0.2640066594714938,0.039916985664794756,0.2640066594714938,3,0.31459048505362464,0.058756421644825016,0.6291809701072493,3,0.09185728444571784,0.004204312806790225,0.09185728444571784,1,0.09185728444571784,0.004204312806790225,0.09185728444571784,1,0.27235055268224545,0.0,4.357608842915927,0,0.2756961830878347,0.0,4.411138929405356,0,0.2807389361325196,0.0,7.01847340331299,0,72.32375979112271,1.1314186248912097,13.4029590948651,5.831157528285465,7.310704960835509,59.74025974025974,22.727272727272727,17.532467532467532,88.88888888888889,11.11111111111111,10.457516339869281,89.54248366013073,100.0,0.0,67.76315789473685,21.710526315789476,7.894736842105263,2.631578947368421,266465.67999999993,1371451.3700000134,-1104985.6900000134,219.85617161716166,1131.5605363036414,-911.7043646864797,633441.7000000126,10883.879999999986,356365.9000000008,507.3899999999999,370252.5
1256,857.736051183775,14.625965419010152,27,17,857.7360511837749,1594.0706459035546,20.802870254836307,11608.887108353305,0.0,10608.203270340748,10608.203270340748,28.76528280789367,90.54476393006556,119.31004673795923,84.32195945015553,764.997541912072,849.3195013622276,0.0,15.200454620263942,15.200454620263942,0.0,1454.5026690039685,1454.5026690039685,0.0,2873.392415710696,2873.392415710696,0.10235288519522434,5.064730618741115,5.16708350393634,0.0,2876.2246734876876,2876.2246734876876,0.0,482.8516651440483,482.8516651440483,15.626885572846652,90.28035787525734,105.90724344810398,0.0,178.04309063068962,178.04309063068962,0.0,1428.6707563084976,1428.6707563084976,0.7037466844240333,6.336321717149448,7.040068401573482,25.68371797840165,59.91002563056476,85.5937436089664,0.0,42.956063886698,42.956063886698,0.5304346111434298,18.988278988472505,19.518713599615936,0,182.76111785011003,182.76111785011003,0.17854437098006254,0.003229534317701566,0.17854437098006254,4,0.14262469068703104,0.0,0.14262469068703104,1,0.29143844620609544,0.002497957762892557,0.5828768924121909,3,0.29143844620609544,0.002497957762892557,0.5828768924121909,3,0.2194653614185688,0.0,1.3167921685114128,0,0.01012053861204935,0.0,0.01012053861204935,0,0.4077116302403978,0.040941738738870824,0.8154232604807956,2,0.08697878025078108,0.0,0.26093634075234323,0,0.3330033594116966,0.08205988489315749,0.3330033594116966,3,0.29502768132989166,0.04746311146803903,0.885083043989675,3,0.3330033594116966,0.08205988489315749,0.3330033594116966,3,0.3995273896304559,0.1334913761968022,0.7990547792609118,4,0.1272328461122306,0.00626955710037401,0.1272328461122306,2,0.1272328461122306,0.00626955710037401,0.1272328461122306,2,0.3505917344869551,0.0,5.609467751791281,0,0.35487469987446923,0.0,5.677995197991508,0,0.36558150442193593,0.0,9.139537610548398,0,69.37553464499572,0.7698887938408896,16.937553464499572,4.875962360992301,8.041060735671515,55.55555555555556,23.232323232323232,21.21212121212121,80.0,20.0,9.947643979057592,90.0523560209424,100.0,0.0,65.10416666666666,25.0,7.291666666666667,2.604166666666667,307149.89999999874,1529880.5200000142,-1222730.6200000155,244.54609872611366,1218.0577388535146,-973.5116401274008,636421.2000000128,12309.149999999983,461179.4000000015,351.27,419619.5
985,356.74124660699823,54.46498766262171,136,135,356.7412466069982,1108.54496474335,21.15091865843351,11574.107724152174,0.0,10790.985908035782,10790.985908035782,11.43668002648998,90.31967237201421,101.75635239850419,0.0,738.6319095295701,738.6319095295701,0.0,14.928622003961397,14.928622003961397,0.0,1431.0958862042528,1431.0958862042528,0.0,2859.1132752563626,2859.1132752563626,0.07821094620713978,4.9476876756761685,5.025898621883308,0.0,2956.5964000912345,2956.5964000912345,0.0,475.4514273056083,475.4514273056083,1.7123088284060197,90.88634770507575,92.59865653348176,0.0,178.74265693499808,178.74265693499808,0.0,1441.0686911080948,1441.0686911080948,0.6162003319326916,6.381842286491516,6.998042618424207,5.997235918302633,59.93092665073001,65.92816256903264,0.0,51.90117438828245,51.90117438828245,0.5833210266819425,19.202437891303692,19.785758917985632,0,176.27251409212863,176.27251409212863,0.1757714611687221,0.002414131650244475,0.1757714611687221,2,0.13645103359267566,0.0,0.13645103359267566,1,0.2837414003788449,0.0028220326487110076,0.5674828007576898,3,0.2837414003788449,0.0028220326487110076,0.5674828007576898,3,0.764881912486142,43.88194766998054,4.589291474916852,126,0.40802455624992134,0.14242384717581272,0.40802455624992134,1,0.7169057297041178,3.286395968145155,1.4338114594082356,14,0.72637853557469,25.416245983557936,2.17913560672407,74,0.7828504579818413,41.13348057011995,0.7828504579818413,111,0.7704646874403379,40.41570698613934,2.3113940623210136,110,0.7828504579818413,41.13348057011995,0.7828504579818413,111,0.7972581294853577,41.13258478948963,1.5945162589707154,111,0.7277465392140504,12.886228575212625,0.7277465392140504,33,0.7277465392140504,12.886228575212625,0.7277465392140504,33,0.09037586514437959,0.0,1.4460138423100735,0,0.09134910156295865,0.0,1.4615856250073385,0,0.0961008204059518,0.0,2.402520510148795,0,71.39061116031885,0.44286979627989376,15.146147032772364,6.023029229406554,6.997342781222321,57.89473684210527,25.146198830409354,16.95906432748538,84.61538461538461,15.384615384615385,4.761904761904762,95.23809523809523,100.0,0.0,72.09302325581395,23.25581395348837,4.651162790697675,0.0,116102.33999999984,847906.7900000094,-731804.4500000095,117.87039593908612,860.8190761421415,-742.9486802030553,554187.0000000095,10236.029999999988,135304.69999999987,78.06,148101.0
1059,572.3995263241243,31.131255267988468,96,96,572.3995263241243,1428.3181421505922,20.511768678890803,11369.002392621089,0.0,10259.11760107109,10259.11760107109,23.18043403513273,90.70701983840763,113.88745387354037,36.00825371318604,856.7290426438609,892.737296357047,0.0,14.900465427265758,14.900465427265758,0.0,1549.1861687337923,1549.1861687337923,0.0,2875.6614375951867,2875.6614375951867,0.07971438977028764,5.035627679134557,5.1153420689048446,0.0,2744.803584770801,2744.803584770801,0.0,485.02185826536305,485.02185826536305,11.9251705957651,89.2216888195251,101.1468594152902,0.0,177.16876228545382,177.16876228545382,0.0,1443.5522180103221,1443.5522180103221,0.6238957958461343,6.398994619946462,7.022890415792596,17.227702689472576,60.3118694382055,77.53957212767807,0.0,38.68794120032175,38.68794120032175,0.658984357408098,19.002566033755077,19.66155039116318,0,184.94636396495198,184.94636396495198,0.17522044340789725,0.0030382631951029974,0.17522044340789725,3,0.13902947663787352,0.0,0.13902947663787352,1,0.2779210170222876,0.003897683996607771,0.5558420340445752,2,0.2779210170222876,0.003897683996607771,0.5558420340445752,2,0.5667807695668375,19.550571530833288,3.400684617401025,85,0.35382238169377184,0.8800374012706016,0.35382238169377184,6,0.6499717039446105,2.8326722486517806,1.299943407889221,13,0.5000995933486173,10.35575432598163,1.5002987800458518,45,0.611714081693407,16.098289801323425,0.611714081693407,66,0.5976117750150433,16.068311083412887,1.7928353250451299,66,0.611714081693407,16.098289801323425,0.611714081693407,66,0.6469461125913111,16.5672541832754,1.2938922251826221,67,0.5029274612546236,3.879084101682581,0.5029274612546236,17,0.5029274612546236,3.879084101682581,0.5029274612546236,17,0.20347806500631832,0.0,3.255649040101093,0,0.20547793321559632,0.0,3.287646931449541,0,0.1815085338411961,0.0,4.537713346029903,0,71.96765498652292,1.3477088948787064,16.082659478885894,4.941599281221923,5.660377358490567,57.54189944134078,21.787709497206702,20.670391061452513,80.95238095238095,19.047619047619047,10.869565217391305,89.13043478260869,100.0,0.0,67.02127659574468,22.340425531914892,7.446808510638298,3.1914893617021276,219174.26000000056,1138288.3200000105,-919114.06000001,206.96341831916956,1074.8709348442026,-867.907516525033,572659.9000000103,8162.909999999993,236306.8000000002,273.21000000000004,320885.5
1008,221.18146008082027,72.15165499246693,163,160,221.1814600808203,872.879787258683,21.670964893150085,11479.10580446369,0.0,10584.920801070226,10584.920801070226,6.978503100955903,88.67950652334875,95.65800962430465,141.1552501587386,701.6776726372448,842.8329227959833,0.0,14.966482945305977,14.966482945305977,0.0,1453.8346587306892,1453.8346587306892,0.0,2935.19463184936,2935.19463184936,0.09615796556446907,4.897384658963884,4.993542624528353,0.0,3027.538817301208,3027.538817301208,0.0,478.446428694477,478.446428694477,6.527725445063475,90.9452527090575,97.47297815412097,0.0,175.92439164035864,175.92439164035864,0.0,1474.5019476999287,1474.5019476999287,0.8149141679853731,6.3832753858015385,7.198189553786912,24.459792102293612,60.520841075302464,84.98063317759608,0.0,46.34848152393342,46.34848152393342,0.8197478383522755,18.87821998338063,19.697967821732906,0,177.624937153272,177.624937153272,0.18836418949796932,0.006271000546925141,0.18836418949796932,3,0.14658849807717345,0.0,0.14658849807717345,1,0.3043186403061214,0.009133367754661396,0.6086372806122428,3,0.3043186403061214,0.009133367754661396,0.6086372806122428,3,0.9091918998606263,61.723272902610354,5.455151399163758,151,0.8104223277362291,4.001380231412183,0.8104223277362291,8,0.8594626664315127,9.117204510851435,1.7189253328630254,22,0.8952861340535819,30.644086675602523,2.6858584021607457,79,0.9161204272453061,48.884741917678355,0.9161204272453061,121,0.9161771180809953,48.87109875648371,2.748531354242986,121,0.9161204272453061,48.884741917678355,0.9161204272453061,121,0.9267630993781674,49.76610391197037,1.8535261987563347,122,0.8658571551206145,14.71608882579403,0.8658571551206145,38,0.8658571551206145,14.71608882579403,0.8658571551206145,38,0.06412196314310559,0.0,1.0259514102896894,0,0.06455598656451263,0.0,1.032895785032202,0,0.04998819829653106,0.0,1.2497049574132766,0,71.9155844155844,0.8928571428571428,13.717532467532468,5.275974025974025,8.19805194805195,56.80473372781065,25.443786982248522,17.75147928994083,66.66666666666666,33.33333333333333,10.0,90.0,100.0,0.0,68.18181818181817,22.727272727272727,9.090909090909092,0.0,83010.99999999972,768854.1000000107,-685843.1000000109,82.35218253968226,762.752083333344,-680.3999007936616,584577.9000000107,13086.569999999982,72416.59999999996,39.03,98734.0
1277,861.6973961652595,14.850159466872476,24,14,861.6973961652595,1563.4249295184134,21.175499954537372,11995.805222200743,0.0,10485.543877398413,10485.543877398413,15.476935506348076,90.93732756435283,106.4142630707009,65.5067941714326,859.8713998025024,925.378193973935,0.0,14.924370298846606,14.924370298846606,0.0,1426.0300119482988,1426.0300119482988,0.0,2876.7801477481307,2876.7801477481307,0.11642041272975669,4.994482681289574,5.1109030940193305,0.0,2900.8406446726617,2900.8406446726617,0.0,480.750093538434,480.750093538434,11.93742106329597,89.62963200489486,101.56705306819083,0.0,178.54648592742657,178.54648592742657,0.0,1435.308927731745,1435.308927731745,0.6665112737794258,6.317380787591375,6.983892061370801,18.788924342040577,60.32284330768213,79.11176764972271,0.0,41.543806308465356,41.543806308465356,0.8218095274440832,19.01186479250367,19.83367431994775,0,180.10324321527852,180.10324321527852,0.17921417509261303,0.003130858071574863,0.17921417509261303,3,0.141429076504886,0.0,0.141429076504886,1,0.29252108412198385,0.006755352337184981,0.5850421682439677,3,0.29252108412198385,0.006755352337184981,0.5850421682439677,3,0.21915305795557702,0.0,1.314918347733462,0,0.014137944555236977,0.0,0.014137944555236977,0,0.43603668068669804,0.019092059715315024,0.8720733613733961,2,0.0831847570970611,0.0,0.2495542712911833,0,0.3306537762956221,0.05417453723100807,0.3306537762956221,3,0.2885354788121915,0.015422180259776857,0.8656064364365744,1,0.3306537762956221,0.05417453723100807,0.3306537762956221,3,0.39931647130514436,0.08239567408606262,0.7986329426102887,2,0.12860023516983432,0.0,0.12860023516983432,1,0.12860023516983432,0.0,0.12860023516983432,1,0.37925784669943663,0.0,6.068125547190986,0,0.38340817182612386,0.0,6.134530749217982,0,0.3759495664832119,0.0,9.398739162080298,0,67.80529461998293,1.1101622544833476,16.99402220324509,6.746370623398805,7.344150298889837,55.778894472361806,23.618090452261306,20.603015075376884,82.05128205128204,17.94871794871795,13.26530612244898,86.73469387755102,100.0,0.0,61.224489795918366,25.510204081632654,11.73469387755102,1.530612244897959,299139.13999999943,1535875.9100000146,-1236736.7700000152,234.25148003132296,1202.7219342208416,-968.4704541895185,647147.4000000132,11143.019999999986,482142.1000000015,507.3899999999999,394936.0
904,75.85550394680202,95.70633114563825,198,193,75.855503946802,510.8342429606807,20.33432396504577,11179.354204850306,0.0,10547.250415546572,10547.250415546572,0.0,96.67304217635466,96.67304217635466,,,,,,,,,,0.0,2759.261434304437,2759.261434304437,0.07438071953105213,4.917560874813916,4.9919415943449685,,,,,,,0.0,85.43675731208803,85.43675731208803,0.0,155.95724958017965,155.95724958017965,,,,0.7113937354458344,6.245772590837288,6.957166326283123,,,,,,,0.6478265735625482,18.877154577113366,19.524981150675913,0,179.5224188499591,179.5224188499591,0.17644794246509585,0.005542099826972906,0.17644794246509585,3,0.13856168284263387,0.0,0.13856168284263387,1,0.28682315303853867,0.004914017598365508,0.5736463060770773,3,0.28682315303853867,0.004914017598365508,0.5736463060770773,3,0.9999999999999996,86.0048090534057,5.999999999999997,186,0.9678905663270073,1.2401801292078878,0.9678905663270073,5,0.9199356997385595,12.725834330045044,1.839871399477119,31,1.0000000000000004,54.19968605702954,3.0000000000000013,116,1.0,72.29373107949036,1.0,150,0.9999999999999999,73.29373107949037,2.9999999999999996,151,1.0,72.29373107949036,1.0,150,1.0,74.29373107949036,2.0,152,1.0,14.094045022460806,1.0,30,1.0,14.094045022460806,1.0,30,0.021586263209805417,0.0,0.3453802113568867,0,0.021586263209805417,0.0,0.3453802113568867,0,0.0007905835095853493,0.0,0.019764587739633733,0,72.84482758620689,0.5172413793103449,14.913793103448276,4.827586206896552,6.896551724137931,63.005780346820806,17.341040462427745,19.653179190751445,0.0,0.0,0.0,0.0,100.0,0.0,0.0,0.0,0.0,0.0,45294.68000000009,601045.8000000089,-555751.1200000088,50.10473451327443,664.8736725663815,-614.7689380531071,537501.8000000089,10365.599999999988,3811.4,,49367.0
1055,358.66533676371375,48.157597851324994,138,137,358.66533676371375,964.862352953373,20.61837158457638,11563.4715641976,0.0,10879.4834463756,10879.4834463756,58.943808225736234,89.81435741368222,148.75816563941845,21.157111001959493,801.0322985816628,822.1894095836223,0.0,15.232483615946924,15.232483615946924,0.0,1564.5253927362871,1564.5253927362871,0.0,2855.7532130711566,2855.7532130711566,0.0875646948980847,4.998244429433192,5.085809124331276,0.0,3043.500960145675,3043.500960145675,0.0,491.04873112359195,491.04873112359195,34.19395001153069,89.64769362285163,123.84164363438232,0.0,175.81426696152423,175.81426696152423,0.0,1432.5377677745619,1432.5377677745619,0.8512581972841055,6.350618864406226,7.201877061690331,44.750721065929106,59.89589453365173,104.64661559958083,78.64237635591681,44.21987956106645,122.86225591698326,0.8935557755973745,18.748706365553108,19.642262141150486,0,177.32323086539765,177.32323086539765,0.18506872934073515,0.005802057401463343,0.18506872934073515,3,0.1454410530561738,0.0,0.1454410530561738,1,0.29831442024414867,0.00599095069492317,0.5966288404882973,3,0.29831442024414867,0.00599095069492317,0.5966288404882973,3,0.7295898124334786,36.911602447517225,4.377538874600872,127,0.3799918239216089,1.5289262541912254,0.3799918239216089,6,0.7050042931147487,5.772751455430963,1.4100085862294973,21,0.6945022750463316,23.02229010669381,2.0835068251389948,78,0.7570065659327114,30.41592368813018,0.7570065659327114,100,0.7637664266127492,29.73584223355645,2.2912992798382477,99,0.7570065659327114,30.41592368813018,0.7570065659327114,100,0.788042558967315,30.451056395460064,1.57608511793463,100,0.6728032311134691,4.731492757751579,0.6728032311134691,18,0.6728032311134691,4.731492757751579,0.6728032311134691,18,0.053400605921346204,0.0,0.8544096947415393,0,0.05468880050899637,0.0,0.8750208081439419,0,0.11710430804749496,0.0,2.927607701187374,0,68.7192118226601,1.5599343185550083,14.942528735632186,6.403940886699508,8.374384236453201,62.08791208791209,18.681318681318682,19.230769230769234,90.9090909090909,9.090909090909092,5.454545454545454,94.54545454545455,100.0,0.0,71.42857142857143,23.214285714285715,1.7857142857142856,3.571428571428571,87193.91999999981,840217.3700000108,-753023.450000011,82.64826540284342,796.4145687203894,-713.766303317546,590536.900000011,13216.139999999981,161984.4999999999,429.3299999999999,74050.5
1212,711.5154278367727,11.70518829295635,22,14,711.5154278367728,1459.1678597904145,19.250643712290184,11625.47102118883,0.0,10742.369516645023,10742.369516645023,9.297997037181798,88.52936924945249,97.82736628663429,127.24731734931311,801.2528498945633,928.5001672438764,0.0,15.092860326580961,15.092860326580961,0.0,1454.091103962002,1454.091103962002,0.0,2906.1459217581087,2906.1459217581087,0.057201613492802124,4.957863154182816,5.015064767675618,0.0,2946.2523170147506,2946.2523170147506,0.0,476.6326041671067,476.6326041671067,2.54331689888631,89.34229976497475,91.88561666386106,0.0,181.35698766380673,181.35698766380673,0.0,1432.0192307818252,1432.0192307818252,0.6070746012545497,6.288104198117612,6.895178799372162,9.282097653648112,59.731396382063586,69.01349403571169,1.8266194890041636,39.565749210390955,41.39236869939512,0.8120416497273615,19.198591170377977,20.010632820105336,0,180.74071793869152,180.74071793869152,0.17401607693474075,0.0027298570840719035,0.17401607693474075,3,0.13733320872586796,0.0,0.13733320872586796,1,0.28674617383966094,0.007615609529526857,0.5734923476793219,3,0.28674617383966094,0.007615609529526857,0.5734923476793219,3,0.17297840204700235,0.0,1.0378704122820142,0,0.01242903116556776,0.0,0.01242903116556776,1,0.337442874751193,0.009750321762755176,0.674885749502386,2,0.06768433834058055,0.0,0.20305301502174164,0,0.2558382936055476,0.013835719277039518,0.2558382936055476,2,0.213117753153919,0.0008055809821676907,0.639353259461757,1,0.2558382936055476,0.013835719277039518,0.2558382936055476,2,0.3110430557966047,0.018072728850715238,0.6220861115932094,2,0.06337134875674418,0.0,0.06337134875674418,1,0.06337134875674418,0.0,0.06337134875674418,1,0.22591066062074658,0.0,3.6145705699319453,0,0.22943492479128838,0.0,3.670958796660614,0,0.27690070818036255,0.0,6.922517704509064,0,70.92819614711033,1.0507880910683012,13.747810858143609,6.742556917688266,7.530647985989491,65.60509554140127,14.012738853503185,20.382165605095544,84.84848484848484,15.151515151515152,7.741935483870968,92.25806451612904,100.0,0.0,76.62337662337663,15.584415584415584,5.844155844155844,1.948051948051948,241546.67999999973,1318003.6100000134,-1076456.9300000137,199.29594059405918,1087.4617244224532,-888.1657838283941,629270.4000000125,11013.449999999986,356365.9000000009,468.3599999999999,320885.5
1183,739.4128073021834,11.298923270651898,22,13,739.4128073021834,1527.0983134302255,21.91354407761537,11575.786702065176,0.0,10757.003348520262,10757.003348520262,11.26760102086655,89.52405978452055,100.7916608053871,45.50209785849802,808.2037311680083,853.7058290265063,0.0,14.968213943321743,14.968213943321743,0.0,1408.30026103748,1408.30026103748,0.0,2888.4958380209177,2888.4958380209177,0.06594765393986626,4.955278598081841,5.021226252021707,0.0,2998.415895783883,2998.415895783883,0.0,470.9589947934602,470.9589947934602,5.44736323058421,90.27031802585569,95.7176812564399,0.0,183.22369348570555,183.22369348570555,0.0,1452.663695593063,1452.663695593063,0.7998896809679163,6.39177467207997,7.191664353047886,10.583571351260169,58.960611919038506,69.54418327029867,0.0,48.053848636529985,48.053848636529985,0.9182541003828437,19.2305620151648,20.148816115547646,0,184.2759614281876,184.2759614281876,0.17179086358963297,0.005934022282368288,0.17179086358963297,3,0.13329307830912154,0.0,0.13329307830912154,1,0.2772009632224659,0.007769177115327174,0.5544019264449318,3,0.2772009632224659,0.007769177115327174,0.5544019264449318,3,0.13744109808949284,0.0,0.824646588536957,0,0.007547724916732467,0.0,0.007547724916732467,0,0.2607420011265722,0.0,0.5214840022531444,1,0.06598991481164361,0.0,0.19796974443493082,0,0.24600877306074265,0.0244665322096485,0.24600877306074265,2,0.2145157274158789,0.0051020873891956834,0.6435471822476367,2,0.24600877306074265,0.0244665322096485,0.24600877306074265,2,0.30670930492025206,0.03523065979632829,0.6134186098405041,3,0.06975716003848678,0.0,0.06975716003848678,1,0.06975716003848678,0.0,0.06975716003848678,1,0.2819729318960917,0.0,4.511566910337467,0,0.28532353170002384,0.0,4.565176507200381,0,0.27740819535421957,0.0,6.935204883855489,0,73.32123411978222,0.5444646098003629,14.156079854809436,5.263157894736842,6.715063520871143,68.58974358974359,16.025641025641026,15.384615384615385,77.27272727272727,22.727272727272727,10.457516339869281,89.54248366013073,100.0,0.0,70.58823529411765,18.954248366013072,9.803921568627452,0.6535947712418301,264337.8799999997,1351061.2300000126,-1086723.350000013,223.44706677937424,1142.0635925612955,-918.6165257819213,612585.2000000118,9717.749999999989,358271.60000000085,234.18,370252.5
1310,846.8108533254556,14.235873923565439,25,9,846.8108533254555,1630.0302830925623,20.642689122678348,11806.6696077166,0.0,10494.326082984464,10494.326082984464,20.784510494964184,92.72759234911274,113.51210284407692,101.04537959061769,838.6715811342688,939.7169607248865,0.0,14.929515531248036,14.929515531248036,0.0,1458.186036368889,1458.186036368889,0.0,2874.262419112519,2874.262419112519,0.09415660637836895,4.963184403150875,5.057341009529245,0.0,2958.9796512165794,2958.9796512165794,0.0,474.97900956600193,474.97900956600193,15.236742990637032,89.19058475043427,104.42732774107131,0.0,180.8604937047448,180.8604937047448,0.0,1448.3666423801812,1448.3666423801812,0.6621636232679609,6.305683326017197,6.967846949285158,24.132998821060415,59.35174348904183,83.48474231010225,0.0,42.412724959378274,42.412724959378274,0.713212455450651,18.713755029266768,19.42696748471742,0,182.96672149358793,182.96672149358793,0.18395913160485936,0.004814343653069335,0.18395913160485936,3,0.1447820939534423,0.0,0.1447820939534423,1,0.29469934656377333,0.00390923826204609,0.5893986931275467,3,0.29469934656377333,0.00390923826204609,0.5893986931275467,3,0.1982726932298994,0.0,1.1896361593793965,0,0.017764492129582556,0.0,0.017764492129582556,0,0.38828557103387284,0.0,0.7765711420677457,1,0.0836762006056247,0.0,0.2510286018168741,0,0.31165315472565613,0.06799168079120486,0.31165315472565613,2,0.28288705544280235,0.02586066775507517,0.848661166328407,2,0.31165315472565613,0.06799168079120486,0.31165315472565613,2,0.3817900378764605,0.11094175833056126,0.763580075752921,3,0.11156930963857871,0.0024928000625309395,0.11156930963857871,1,0.11156930963857871,0.0024928000625309395,0.11156930963857871,1,0.33820498389929304,0.0,5.411279742388689,0,0.34238117515927774,0.0,5.478098802548444,0,0.3576351768784113,0.0,8.940879421960283,0,70.16666666666667,1.3333333333333335,15.583333333333332,5.666666666666666,7.249999999999999,58.288770053475936,22.459893048128343,19.25133689839572,88.88888888888889,11.11111111111111,9.523809523809524,90.47619047619048,100.0,0.0,68.78306878306879,21.693121693121693,6.878306878306878,2.6455026455026456,345257.8399999982,1627116.0000000154,-1281858.1600000171,263.55560305343374,1242.0732824427598,-978.5176793893261,666216.2000000139,11143.019999999986,455462.30000000144,624.4799999999998,493670.0
1196,703.933422521075,11.73860058578284,24,11,703.933422521075,1454.3823605264802,21.195273754532536,11634.417423687659,0.0,10425.944024208491,10425.944024208491,8.798931448705005,89.52500476399254,98.32393621269755,55.8016992186333,886.326286901288,942.1279861199213,0.0,14.726265948724269,14.726265948724269,0.0,1446.8781830565565,1446.8781830565565,0.0,2873.0579478273776,2873.0579478273776,0.08628273198401067,4.955720223577264,5.042002955561275,0.0,2835.8182880317863,2835.8182880317863,0.0,473.66200717164116,473.66200717164116,4.572394200463377,88.7885935493886,93.36098774985197,0.0,180.2339870586577,180.2339870586577,0.0,1431.6610211474895,1431.6610211474895,0.6882301665009453,6.267670372647796,6.955900539148741,13.484301688671485,59.17539993299751,72.65970162166899,2.726293963716671,41.03509138827889,43.761385351995564,0.8885662735264449,19.034348619034375,19.92291489256082,0,184.23184450545807,184.23184450545807,0.17334392177410485,0.003166206689247035,0.17334392177410485,3,0.13710854409697687,0.0,0.13710854409697687,1,0.2885969711564712,0.007846943954569863,0.5771939423129424,3,0.2885969711564712,0.007846943954569863,0.5771939423129424,3,0.1688083010515594,0.0,1.0128498063093563,0,0.012890604624590386,0.0,0.012890604624590386,1,0.34789053925468094,0.0,0.6957810785093619,1,0.05251984055292652,0.0,0.15755952165877957,0,0.2465211189088148,0.026460745045264623,0.2465211189088148,2,0.2072104092820053,0.0,0.6216312278460159,1,0.2465211189088148,0.026460745045264623,0.2465211189088148,2,0.2978930354235891,0.025845156998837777,0.5957860708471782,2,0.11039642062629942,0.0012975512826200791,0.11039642062629942,1,0.11039642062629942,0.0012975512826200791,0.11039642062629942,1,0.2910443414641876,0.0,4.656709463427002,0,0.294058096623521,0.0,4.704929545976336,0,0.2942333655321411,0.0,7.3558341383035275,0,72.25583405358687,1.0371650821089022,12.273120138288677,5.704407951598963,8.729472774416594,52.816901408450704,26.056338028169012,21.12676056338028,67.74193548387096,32.25806451612903,13.194444444444445,86.80555555555556,100.0,0.0,57.931034482758626,28.965517241379313,8.96551724137931,4.137931034482759,232306.0399999999,1311701.0600000133,-1079395.0200000135,194.23581939799323,1096.740016722419,-902.5041973244261,630462.2000000125,12956.999999999982,371611.5000000009,468.3599999999999,296202.0
